"RPPS","Ano","Grupo","Eficiencia"
"ALAGOAS_AL",2019,"GRANDE_ESTADUAL_2019",0.370922145738047
"ARAPIRACA_AL",2019,"GRANDE_ESTADUAL_2019",0.438798359507778
"BAURU_SP",2019,"GRANDE_ESTADUAL_2019",0.487627476426513
"BOA VISTA_RR",2019,"GRANDE_ESTADUAL_2019",0.737821545948025
"CABO FRIO_RJ",2019,"GRANDE_ESTADUAL_2019",1
"CAMACARI_BA",2019,"GRANDE_ESTADUAL_2019",0.316203383945445
"CEARA_CE",2019,"GRANDE_ESTADUAL_2019",0.387729856767517
"CONTAGEM_MG",2019,"GRANDE_ESTADUAL_2019",0.229131017965897
"FEIRA DE SANTANA_BA",2019,"GRANDE_ESTADUAL_2019",0.16197648257826
"FLORIANOPOLIS_SC",2019,"GRANDE_ESTADUAL_2019",0.133837564731894
"FOZ DO IGUACU_PR",2019,"GRANDE_ESTADUAL_2019",0.454084914295378
"GOVERNO DO DISTRITO FEDERAL_DF",2019,"GRANDE_ESTADUAL_2019",1
"INDAIATUBA_SP",2019,"GRANDE_ESTADUAL_2019",1
"JABOATAO DOS GUARARAPES_PE",2019,"GRANDE_ESTADUAL_2019",0.261378988964914
"JOAO PESSOA_PB",2019,"GRANDE_ESTADUAL_2019",0.245188395082803
"LONDRINA_PR",2019,"GRANDE_ESTADUAL_2019",0.165391874104065
"MARABA_PA",2019,"GRANDE_ESTADUAL_2019",0.745112338491302
"MARINGA_PR",2019,"GRANDE_ESTADUAL_2019",0.417992081472684
"MATO GROSSO_MT",2019,"GRANDE_ESTADUAL_2019",0.111079956145748
"NATAL_RN",2019,"GRANDE_ESTADUAL_2019",0.379142086918641
"OSASCO_SP",2019,"GRANDE_ESTADUAL_2019",0.270776090794892
"PERNAMBUCO_PE",2019,"GRANDE_ESTADUAL_2019",0.148623903737971
"PETROPOLIS_RJ",2019,"GRANDE_ESTADUAL_2019",0.144330957398033
"RIBEIRAO PRETO_SP",2019,"GRANDE_ESTADUAL_2019",0.4028792766808
"RONDONIA_RO",2019,"GRANDE_ESTADUAL_2019",1
"SANTA CATARINA_SC",2019,"GRANDE_ESTADUAL_2019",0.194413132622011
"SANTANA DE PARNAIBA_SP",2019,"GRANDE_ESTADUAL_2019",0.903636488539695
"SANTO ANDRE_SP",2019,"GRANDE_ESTADUAL_2019",0.626293066652226
"SAO GONCALO_RJ",2019,"GRANDE_ESTADUAL_2019",0.171665770942152
"SAO JOSE DOS PINHAIS_PR",2019,"GRANDE_ESTADUAL_2019",0.931632576390619
"SAO PAULO_SP",2019,"GRANDE_ESTADUAL_2019",0.120248995841367
"SERGIPE_SE",2019,"GRANDE_ESTADUAL_2019",0.160171844698192
"SERRA_ES",2019,"GRANDE_ESTADUAL_2019",0.392350794343601
"TAUBATE_SP",2019,"GRANDE_ESTADUAL_2019",0.274183228247784
"ALAGOAS_AL",2020,"GRANDE_ESTADUAL_2020",0.467125199803551
"ARAPIRACA_AL",2020,"GRANDE_ESTADUAL_2020",0.547315841468399
"BAURU_SP",2020,"GRANDE_ESTADUAL_2020",0.471790947645813
"BOA VISTA_RR",2020,"GRANDE_ESTADUAL_2020",0.71532569085795
"CABO FRIO_RJ",2020,"GRANDE_ESTADUAL_2020",1
"CAMACARI_BA",2020,"GRANDE_ESTADUAL_2020",0.550163443627967
"CEARA_CE",2020,"GRANDE_ESTADUAL_2020",0.618321462258633
"CONTAGEM_MG",2020,"GRANDE_ESTADUAL_2020",0.334613733510387
"FEIRA DE SANTANA_BA",2020,"GRANDE_ESTADUAL_2020",0.283279392826482
"FLORIANOPOLIS_SC",2020,"GRANDE_ESTADUAL_2020",0.237229455203448
"FOZ DO IGUACU_PR",2020,"GRANDE_ESTADUAL_2020",0.716854068799187
"GOVERNO DO DISTRITO FEDERAL_DF",2020,"GRANDE_ESTADUAL_2020",1
"INDAIATUBA_SP",2020,"GRANDE_ESTADUAL_2020",1
"JABOATAO DOS GUARARAPES_PE",2020,"GRANDE_ESTADUAL_2020",0.361824114063306
"JOAO PESSOA_PB",2020,"GRANDE_ESTADUAL_2020",0.42472492574888
"LONDRINA_PR",2020,"GRANDE_ESTADUAL_2020",0.241255326980543
"MARABA_PA",2020,"GRANDE_ESTADUAL_2020",0.684808837169625
"MARINGA_PR",2020,"GRANDE_ESTADUAL_2020",0.340620003701319
"MATO GROSSO_MT",2020,"GRANDE_ESTADUAL_2020",0.20746279746119
"NATAL_RN",2020,"GRANDE_ESTADUAL_2020",0.859672940917366
"OSASCO_SP",2020,"GRANDE_ESTADUAL_2020",0.295720619738405
"PERNAMBUCO_PE",2020,"GRANDE_ESTADUAL_2020",0.207580915578414
"PETROPOLIS_RJ",2020,"GRANDE_ESTADUAL_2020",0.265306371808248
"RIBEIRAO PRETO_SP",2020,"GRANDE_ESTADUAL_2020",0.410033390485287
"RONDONIA_RO",2020,"GRANDE_ESTADUAL_2020",1
"SANTA CATARINA_SC",2020,"GRANDE_ESTADUAL_2020",0.431053852158847
"SANTANA DE PARNAIBA_SP",2020,"GRANDE_ESTADUAL_2020",0.793592950669435
"SANTO ANDRE_SP",2020,"GRANDE_ESTADUAL_2020",0.672964640627229
"SAO GONCALO_RJ",2020,"GRANDE_ESTADUAL_2020",0.343784283922459
"SAO JOSE DOS PINHAIS_PR",2020,"GRANDE_ESTADUAL_2020",1
"SAO PAULO_SP",2020,"GRANDE_ESTADUAL_2020",0.212098713848087
"SERGIPE_SE",2020,"GRANDE_ESTADUAL_2020",0.286289257831579
"SERRA_ES",2020,"GRANDE_ESTADUAL_2020",0.513124789222419
"TAUBATE_SP",2020,"GRANDE_ESTADUAL_2020",0.464482366821796
"ALAGOAS_AL",2021,"GRANDE_ESTADUAL_2021",1
"ARAPIRACA_AL",2021,"GRANDE_ESTADUAL_2021",1
"BAURU_SP",2021,"GRANDE_ESTADUAL_2021",0.88185642831445
"BOA VISTA_RR",2021,"GRANDE_ESTADUAL_2021",0.822635769428491
"CABO FRIO_RJ",2021,"GRANDE_ESTADUAL_2021",0.945179686874567
"CAMACARI_BA",2021,"GRANDE_ESTADUAL_2021",0.766904593647736
"CEARA_CE",2021,"GRANDE_ESTADUAL_2021",0.637192793305906
"CONTAGEM_MG",2021,"GRANDE_ESTADUAL_2021",0.657100907286891
"FEIRA DE SANTANA_BA",2021,"GRANDE_ESTADUAL_2021",0.643045075323575
"FLORIANOPOLIS_SC",2021,"GRANDE_ESTADUAL_2021",0.626904246723466
"FOZ DO IGUACU_PR",2021,"GRANDE_ESTADUAL_2021",0.633936999422051
"GOVERNO DO DISTRITO FEDERAL_DF",2021,"GRANDE_ESTADUAL_2021",1
"INDAIATUBA_SP",2021,"GRANDE_ESTADUAL_2021",1
"JABOATAO DOS GUARARAPES_PE",2021,"GRANDE_ESTADUAL_2021",0.769426857752795
"JOAO PESSOA_PB",2021,"GRANDE_ESTADUAL_2021",0.723427000846241
"LONDRINA_PR",2021,"GRANDE_ESTADUAL_2021",0.611822822460554
"MARABA_PA",2021,"GRANDE_ESTADUAL_2021",0.710890799736292
"MARINGA_PR",2021,"GRANDE_ESTADUAL_2021",0.667996267559867
"MATO GROSSO_MT",2021,"GRANDE_ESTADUAL_2021",0.347836997246419
"NATAL_RN",2021,"GRANDE_ESTADUAL_2021",0.938318932693221
"OSASCO_SP",2021,"GRANDE_ESTADUAL_2021",0.791756143422026
"PERNAMBUCO_PE",2021,"GRANDE_ESTADUAL_2021",0.345798837310033
"PETROPOLIS_RJ",2021,"GRANDE_ESTADUAL_2021",0.773079772123376
"RIBEIRAO PRETO_SP",2021,"GRANDE_ESTADUAL_2021",0.661250655341452
"RONDONIA_RO",2021,"GRANDE_ESTADUAL_2021",1
"SANTA CATARINA_SC",2021,"GRANDE_ESTADUAL_2021",0.445590904131401
"SANTANA DE PARNAIBA_SP",2021,"GRANDE_ESTADUAL_2021",0.778740720076664
"SANTO ANDRE_SP",2021,"GRANDE_ESTADUAL_2021",0.596296591833885
"SAO GONCALO_RJ",2021,"GRANDE_ESTADUAL_2021",0.853274940903201
"SAO JOSE DOS PINHAIS_PR",2021,"GRANDE_ESTADUAL_2021",1
"SAO PAULO_SP",2021,"GRANDE_ESTADUAL_2021",1
"SERGIPE_SE",2021,"GRANDE_ESTADUAL_2021",0.505855841054325
"SERRA_ES",2021,"GRANDE_ESTADUAL_2021",0.637089038569553
"TAUBATE_SP",2021,"GRANDE_ESTADUAL_2021",0.938438126762213
"ALAGOAS_AL",2022,"GRANDE_ESTADUAL_2022",0.463022953282861
"ARAPIRACA_AL",2022,"GRANDE_ESTADUAL_2022",1
"BAURU_SP",2022,"GRANDE_ESTADUAL_2022",0.368108183451217
"BOA VISTA_RR",2022,"GRANDE_ESTADUAL_2022",0.908950052029683
"CABO FRIO_RJ",2022,"GRANDE_ESTADUAL_2022",0.570565527896601
"CAMACARI_BA",2022,"GRANDE_ESTADUAL_2022",0.38629952703696
"CEARA_CE",2022,"GRANDE_ESTADUAL_2022",0.493730155956179
"CONTAGEM_MG",2022,"GRANDE_ESTADUAL_2022",0.273482015414448
"FEIRA DE SANTANA_BA",2022,"GRANDE_ESTADUAL_2022",0.242470027933694
"FLORIANOPOLIS_SC",2022,"GRANDE_ESTADUAL_2022",0.186683426001392
"FOZ DO IGUACU_PR",2022,"GRANDE_ESTADUAL_2022",0.397121772651333
"GOVERNO DO DISTRITO FEDERAL_DF",2022,"GRANDE_ESTADUAL_2022",1
"INDAIATUBA_SP",2022,"GRANDE_ESTADUAL_2022",1
"JABOATAO DOS GUARARAPES_PE",2022,"GRANDE_ESTADUAL_2022",0.485126044391838
"JOAO PESSOA_PB",2022,"GRANDE_ESTADUAL_2022",0.279027349735065
"LONDRINA_PR",2022,"GRANDE_ESTADUAL_2022",0.166143015542326
"MARABA_PA",2022,"GRANDE_ESTADUAL_2022",0.718835094456506
"MARINGA_PR",2022,"GRANDE_ESTADUAL_2022",0.393858681055328
"MATO GROSSO_MT",2022,"GRANDE_ESTADUAL_2022",0.205115720591798
"NATAL_RN",2022,"GRANDE_ESTADUAL_2022",0.471677281320595
"OSASCO_SP",2022,"GRANDE_ESTADUAL_2022",0.326398583920109
"PERNAMBUCO_PE",2022,"GRANDE_ESTADUAL_2022",0.157917135829151
"PETROPOLIS_RJ",2022,"GRANDE_ESTADUAL_2022",0.400463901908964
"RIBEIRAO PRETO_SP",2022,"GRANDE_ESTADUAL_2022",0.536939546176163
"RONDONIA_RO",2022,"GRANDE_ESTADUAL_2022",1
"SANTA CATARINA_SC",2022,"GRANDE_ESTADUAL_2022",0.354600610288267
"SANTANA DE PARNAIBA_SP",2022,"GRANDE_ESTADUAL_2022",0.9516015302078
"SANTO ANDRE_SP",2022,"GRANDE_ESTADUAL_2022",0.543633187163888
"SAO GONCALO_RJ",2022,"GRANDE_ESTADUAL_2022",0.396340247847579
"SAO JOSE DOS PINHAIS_PR",2022,"GRANDE_ESTADUAL_2022",1
"SAO PAULO_SP",2022,"GRANDE_ESTADUAL_2022",0.524724651486935
"SERGIPE_SE",2022,"GRANDE_ESTADUAL_2022",0.222520001527884
"SERRA_ES",2022,"GRANDE_ESTADUAL_2022",0.342659459595561
"TAUBATE_SP",2022,"GRANDE_ESTADUAL_2022",0.291471827330648
"ALAGOAS_AL",2023,"GRANDE_ESTADUAL_2023",0.361187742431654
"ARAPIRACA_AL",2023,"GRANDE_ESTADUAL_2023",1
"BAURU_SP",2023,"GRANDE_ESTADUAL_2023",0.354410494473986
"BOA VISTA_RR",2023,"GRANDE_ESTADUAL_2023",0.904218564386265
"CABO FRIO_RJ",2023,"GRANDE_ESTADUAL_2023",0.438865490331975
"CAMACARI_BA",2023,"GRANDE_ESTADUAL_2023",0.351744586220651
"CEARA_CE",2023,"GRANDE_ESTADUAL_2023",0.405730943809335
"CONTAGEM_MG",2023,"GRANDE_ESTADUAL_2023",0.259080186099991
"FEIRA DE SANTANA_BA",2023,"GRANDE_ESTADUAL_2023",0.210345736860572
"FLORIANOPOLIS_SC",2023,"GRANDE_ESTADUAL_2023",0.108123434105054
"FOZ DO IGUACU_PR",2023,"GRANDE_ESTADUAL_2023",0.41767380509456
"GOVERNO DO DISTRITO FEDERAL_DF",2023,"GRANDE_ESTADUAL_2023",1
"INDAIATUBA_SP",2023,"GRANDE_ESTADUAL_2023",1
"JABOATAO DOS GUARARAPES_PE",2023,"GRANDE_ESTADUAL_2023",0.465553945106331
"JOAO PESSOA_PB",2023,"GRANDE_ESTADUAL_2023",0.278245904465833
"LONDRINA_PR",2023,"GRANDE_ESTADUAL_2023",0.108363002318235
"MARABA_PA",2023,"GRANDE_ESTADUAL_2023",0.762721820954039
"MARINGA_PR",2023,"GRANDE_ESTADUAL_2023",0.488918702883677
"MATO GROSSO_MT",2023,"GRANDE_ESTADUAL_2023",0.099109770541357
"NATAL_RN",2023,"GRANDE_ESTADUAL_2023",0.535831102620191
"OSASCO_SP",2023,"GRANDE_ESTADUAL_2023",0.33288141962103
"PERNAMBUCO_PE",2023,"GRANDE_ESTADUAL_2023",0.0905715309393778
"PETROPOLIS_RJ",2023,"GRANDE_ESTADUAL_2023",0.32708373423138
"RIBEIRAO PRETO_SP",2023,"GRANDE_ESTADUAL_2023",0.31076239721883
"RONDONIA_RO",2023,"GRANDE_ESTADUAL_2023",1
"SANTA CATARINA_SC",2023,"GRANDE_ESTADUAL_2023",0.179948139034406
"SANTANA DE PARNAIBA_SP",2023,"GRANDE_ESTADUAL_2023",0.905447840022032
"SANTO ANDRE_SP",2023,"GRANDE_ESTADUAL_2023",0.529601112303153
"SAO GONCALO_RJ",2023,"GRANDE_ESTADUAL_2023",0.172417508107949
"SAO JOSE DOS PINHAIS_PR",2023,"GRANDE_ESTADUAL_2023",1
"SAO PAULO_SP",2023,"GRANDE_ESTADUAL_2023",0.175103782778186
"SERGIPE_SE",2023,"GRANDE_ESTADUAL_2023",0.0907538403445161
"SERRA_ES",2023,"GRANDE_ESTADUAL_2023",0.381256492938698
"TAUBATE_SP",2023,"GRANDE_ESTADUAL_2023",0.230804881451339
"ALAGOAS_AL",2024,"GRANDE_ESTADUAL_2024",0.244813334323898
"ARAPIRACA_AL",2024,"GRANDE_ESTADUAL_2024",0.154338478704148
"BAURU_SP",2024,"GRANDE_ESTADUAL_2024",0.324720206182114
"BOA VISTA_RR",2024,"GRANDE_ESTADUAL_2024",0.873652563125835
"CABO FRIO_RJ",2024,"GRANDE_ESTADUAL_2024",1
"CAMACARI_BA",2024,"GRANDE_ESTADUAL_2024",0.813331299880987
"CEARA_CE",2024,"GRANDE_ESTADUAL_2024",0.423371734515078
"CONTAGEM_MG",2024,"GRANDE_ESTADUAL_2024",0.250776164172542
"FEIRA DE SANTANA_BA",2024,"GRANDE_ESTADUAL_2024",0.185908517725863
"FLORIANOPOLIS_SC",2024,"GRANDE_ESTADUAL_2024",0.111611492502968
"FOZ DO IGUACU_PR",2024,"GRANDE_ESTADUAL_2024",0.29182264173328
"GOVERNO DO DISTRITO FEDERAL_DF",2024,"GRANDE_ESTADUAL_2024",1
"INDAIATUBA_SP",2024,"GRANDE_ESTADUAL_2024",1
"JABOATAO DOS GUARARAPES_PE",2024,"GRANDE_ESTADUAL_2024",0.45022629862257
"JOAO PESSOA_PB",2024,"GRANDE_ESTADUAL_2024",0.323727791971775
"LONDRINA_PR",2024,"GRANDE_ESTADUAL_2024",0.146765441999812
"MARABA_PA",2024,"GRANDE_ESTADUAL_2024",0.770020619334023
"MARINGA_PR",2024,"GRANDE_ESTADUAL_2024",0.599045961446723
"MATO GROSSO_MT",2024,"GRANDE_ESTADUAL_2024",0.183285423483897
"NATAL_RN",2024,"GRANDE_ESTADUAL_2024",0.504069873062635
"OSASCO_SP",2024,"GRANDE_ESTADUAL_2024",0.39458299163393
"PERNAMBUCO_PE",2024,"GRANDE_ESTADUAL_2024",0.13339933894833
"PETROPOLIS_RJ",2024,"GRANDE_ESTADUAL_2024",0.321580402380052
"RIBEIRAO PRETO_SP",2024,"GRANDE_ESTADUAL_2024",0.271162866190001
"RONDONIA_RO",2024,"GRANDE_ESTADUAL_2024",1
"SANTA CATARINA_SC",2024,"GRANDE_ESTADUAL_2024",0.151529959147683
"SANTANA DE PARNAIBA_SP",2024,"GRANDE_ESTADUAL_2024",1
"SANTO ANDRE_SP",2024,"GRANDE_ESTADUAL_2024",0.757472891591447
"SAO GONCALO_RJ",2024,"GRANDE_ESTADUAL_2024",0.184165074368907
"SAO JOSE DOS PINHAIS_PR",2024,"GRANDE_ESTADUAL_2024",0.964004336614053
"SAO PAULO_SP",2024,"GRANDE_ESTADUAL_2024",0.419057436732739
"SERGIPE_SE",2024,"GRANDE_ESTADUAL_2024",0.0892593668449063
"SERRA_ES",2024,"GRANDE_ESTADUAL_2024",0.252260876170977
"TAUBATE_SP",2024,"GRANDE_ESTADUAL_2024",0.196659180319819
"ACREUNA_GO",2019,"MÉDIO_PORTE_2019",0.736747423420947
"ANDIRA_PR",2019,"MÉDIO_PORTE_2019",0.723772220278684
"AQUIDAUANA_MS",2019,"MÉDIO_PORTE_2019",0.772332481940902
"ARACARIGUAMA_SP",2019,"MÉDIO_PORTE_2019",0.799256759851981
"ARARIPE_CE",2019,"MÉDIO_PORTE_2019",0.729171314782103
"ARARIPINA_PE",2019,"MÉDIO_PORTE_2019",0.59530834435519
"ARMACAO DOS BUZIOS_RJ",2019,"MÉDIO_PORTE_2019",0.764001001653639
"ATALAIA_AL",2019,"MÉDIO_PORTE_2019",0.577850171821493
"BARRA DO BUGRES_MT",2019,"MÉDIO_PORTE_2019",0.637784712165444
"BARRA VELHA_SC",2019,"MÉDIO_PORTE_2019",0.706726024194667
"BEBERIBE_CE",2019,"MÉDIO_PORTE_2019",0.741232485348651
"BIGUACU_SC",2019,"MÉDIO_PORTE_2019",0.881899185784173
"BOA ESPERANCA_MG",2019,"MÉDIO_PORTE_2019",0.650857626497014
"BOM JESUS DOS PERDOES_SP",2019,"MÉDIO_PORTE_2019",0.699935013160629
"BREJO DA MADRE DE DEUS_PE",2019,"MÉDIO_PORTE_2019",0.629771537519206
"BREJO DO CRUZ_PB",2019,"MÉDIO_PORTE_2019",0.797825177628167
"CAAPORA_PB",2019,"MÉDIO_PORTE_2019",0.634218550396647
"CACADOR_SC",2019,"MÉDIO_PORTE_2019",0.862760323763454
"CACHOEIRINHA_PE",2019,"MÉDIO_PORTE_2019",0.882397602883397
"CAIEIRAS_SP",2019,"MÉDIO_PORTE_2019",0.803661739354049
"CALDAS NOVAS_GO",2019,"MÉDIO_PORTE_2019",0.662555368498491
"CAMPO VERDE_MT",2019,"MÉDIO_PORTE_2019",0.683761641778239
"CANOINHAS_SC",2019,"MÉDIO_PORTE_2019",0.67553578822147
"CANTAGALO_RJ",2019,"MÉDIO_PORTE_2019",0.676710708119117
"CAPOEIRAS_PE",2019,"MÉDIO_PORTE_2019",0.78108204333594
"CARIRIACU_CE",2019,"MÉDIO_PORTE_2019",0.810212011230453
"CERQUEIRA CESAR_SP",2019,"MÉDIO_PORTE_2019",0.722940415079216
"CHA GRANDE_PE",2019,"MÉDIO_PORTE_2019",0.704703532592465
"CHOPINZINHO_PR",2019,"MÉDIO_PORTE_2019",0.680180857210618
"CIANORTE_PR",2019,"MÉDIO_PORTE_2019",0.741947565415761
"COMODORO_MT",2019,"MÉDIO_PORTE_2019",0.766748104420171
"CRAIBAS_AL",2019,"MÉDIO_PORTE_2019",0.709719759222729
"CRIXAS_GO",2019,"MÉDIO_PORTE_2019",0.651725840757947
"DOM PEDRITO_RS",2019,"MÉDIO_PORTE_2019",0.867424988504871
"DUAS BARRAS_RJ",2019,"MÉDIO_PORTE_2019",0.988500098256998
"ESPIGAO DO OESTE_RO",2019,"MÉDIO_PORTE_2019",0.870262050145601
"EUSEBIO_CE",2019,"MÉDIO_PORTE_2019",1
"FERNANDOPOLIS_SP",2019,"MÉDIO_PORTE_2019",0.809013027967572
"FRANCISCO SA_MG",2019,"MÉDIO_PORTE_2019",0.810006488345871
"GRAVATA_PE",2019,"MÉDIO_PORTE_2019",0.669840084141284
"GUACUI_ES",2019,"MÉDIO_PORTE_2019",0.684459788784436
"GUAJARA-MIRIM_RO",2019,"MÉDIO_PORTE_2019",0.688184058602089
"GUARANTA DO NORTE_MT",2019,"MÉDIO_PORTE_2019",0.761276057412469
"GURUPI_TO",2019,"MÉDIO_PORTE_2019",0.726162142418442
"HOLAMBRA_SP",2019,"MÉDIO_PORTE_2019",0.796094276023081
"IGUABA GRANDE_RJ",2019,"MÉDIO_PORTE_2019",0.901719014349932
"INDAIAL_SC",2019,"MÉDIO_PORTE_2019",0.819550960098881
"IRAUCUBA_CE",2019,"MÉDIO_PORTE_2019",0.823609036058418
"ITACARAMBI_MG",2019,"MÉDIO_PORTE_2019",0.745417892778924
"ITAMARANDIBA_MG",2019,"MÉDIO_PORTE_2019",0.802649141448678
"ITAPIRA_SP",2019,"MÉDIO_PORTE_2019",0.786863347801781
"ITAQUIRAI_MS",2019,"MÉDIO_PORTE_2019",0.752646702308084
"ITAREMA_CE",2019,"MÉDIO_PORTE_2019",0.811789136745459
"ITUVERAVA_SP",2019,"MÉDIO_PORTE_2019",0.886292655462078
"IVOTI_RS",2019,"MÉDIO_PORTE_2019",0.758326486754736
"JACOBINA_BA",2019,"MÉDIO_PORTE_2019",0.583847127563818
"JAGUARAO_RS",2019,"MÉDIO_PORTE_2019",0.784933703647752
"JAGUARIAIVA_PR",2019,"MÉDIO_PORTE_2019",0.708578818774388
"JARU_RO",2019,"MÉDIO_PORTE_2019",0.820453747821701
"JUATUBA_MG",2019,"MÉDIO_PORTE_2019",0.739928870036646
"LAJEADO_RS",2019,"MÉDIO_PORTE_2019",0.679716730146654
"LAJEDO_PE",2019,"MÉDIO_PORTE_2019",0.632896233757353
"LAPA_PR",2019,"MÉDIO_PORTE_2019",0.873992563026035
"MACHADINHO D'OESTE_RO",2019,"MÉDIO_PORTE_2019",0.718358927771618
"MAFRA_SC",2019,"MÉDIO_PORTE_2019",0.720841251020712
"MANDAGUACU_PR",2019,"MÉDIO_PORTE_2019",0.730860632491327
"MANGARATIBA_RJ",2019,"MÉDIO_PORTE_2019",0.57731178798993
"MARACAJU_MS",2019,"MÉDIO_PORTE_2019",0.786504706974952
"MEDIANEIRA_PR",2019,"MÉDIO_PORTE_2019",0.718911524263786
"MESSIAS_AL",2019,"MÉDIO_PORTE_2019",0.796430977448807
"MILAGRES_CE",2019,"MÉDIO_PORTE_2019",0.697027606335944
"MORENO_PE",2019,"MÉDIO_PORTE_2019",0.606854435334968
"MORRO AGUDO_SP",2019,"MÉDIO_PORTE_2019",0.663169387073992
"MUNDO NOVO_MS",2019,"MÉDIO_PORTE_2019",0.829546105432887
"NOVA ANDRADINA_MS",2019,"MÉDIO_PORTE_2019",0.782711469717817
"OCARA_CE",2019,"MÉDIO_PORTE_2019",1
"OEIRAS DO PARA_PA",2019,"MÉDIO_PORTE_2019",0.651528248017027
"OLIVEIRA_MG",2019,"MÉDIO_PORTE_2019",0.753933309183244
"PARANAVAI_PR",2019,"MÉDIO_PORTE_2019",0.916210769940602
"PARAOPEBA_MG",2019,"MÉDIO_PORTE_2019",0.762743695147339
"PATROCINIO_MG",2019,"MÉDIO_PORTE_2019",0.742621404062496
"PATY DO ALFERES_RJ",2019,"MÉDIO_PORTE_2019",1
"PERDOES_MG",2019,"MÉDIO_PORTE_2019",0.785630235642181
"PICOS_PI",2019,"MÉDIO_PORTE_2019",0.713328309894773
"PIRAPORA_MG",2019,"MÉDIO_PORTE_2019",0.675020786229607
"PONTES E LACERDA_MT",2019,"MÉDIO_PORTE_2019",0.76805570881473
"PORTAO_RS",2019,"MÉDIO_PORTE_2019",1
"PORTO FERREIRA_SP",2019,"MÉDIO_PORTE_2019",1
"QUATIS_RJ",2019,"MÉDIO_PORTE_2019",0.821369808809841
"QUIPAPA_PE",2019,"MÉDIO_PORTE_2019",0.643368008559899
"RESERVA_PR",2019,"MÉDIO_PORTE_2019",0.731786762874263
"RIO BRILHANTE_MS",2019,"MÉDIO_PORTE_2019",0.878537562557453
"RIO NEGRO_PR",2019,"MÉDIO_PORTE_2019",0.902971143229535
"ROSARIO DO SUL_RS",2019,"MÉDIO_PORTE_2019",0.646041039430455
"SANTA FE DO SUL_SP",2019,"MÉDIO_PORTE_2019",0.724181600764135
"SANTA MARIA DE JETIBA_ES",2019,"MÉDIO_PORTE_2019",0.883976299991526
"SANTA VITORIA_MG",2019,"MÉDIO_PORTE_2019",0.67079144137786
"SANTO ANTONIO DA PATRULHA_RS",2019,"MÉDIO_PORTE_2019",0.813180506156893
"SAO JOAO DEL REI_MG",2019,"MÉDIO_PORTE_2019",0.686094583329261
"SAO MANUEL_SP",2019,"MÉDIO_PORTE_2019",0.789858956869016
"SAO MARCOS_RS",2019,"MÉDIO_PORTE_2019",0.973187128920447
"SARZEDO_MG",2019,"MÉDIO_PORTE_2019",0.771786647744481
"SEROPEDICA_RJ",2019,"MÉDIO_PORTE_2019",0.616012749020517
"SERTANIA_PE",2019,"MÉDIO_PORTE_2019",0.739346226154965
"TAQUARITINGA_SP",2019,"MÉDIO_PORTE_2019",0.564275574804967
"TAUA_CE",2019,"MÉDIO_PORTE_2019",0.597605863719255
"TRES MARIAS_MG",2019,"MÉDIO_PORTE_2019",0.848415815858586
"TRES PASSOS_RS",2019,"MÉDIO_PORTE_2019",0.806469182936625
"TRIUNFO_PE",2019,"MÉDIO_PORTE_2019",0.685700685922179
"UMBURANAS_BA",2019,"MÉDIO_PORTE_2019",0.839630894322589
"UNAI_MG",2019,"MÉDIO_PORTE_2019",0.726093697757641
"VARRE-SAI_RJ",2019,"MÉDIO_PORTE_2019",0.870501500756948
"VICOSA_MG",2019,"MÉDIO_PORTE_2019",0.67475712724352
"VIRADOURO_SP",2019,"MÉDIO_PORTE_2019",0.843709304818266
"ACREUNA_GO",2020,"MÉDIO_PORTE_2020",0.865611086800954
"ANDIRA_PR",2020,"MÉDIO_PORTE_2020",0.837764172981376
"AQUIDAUANA_MS",2020,"MÉDIO_PORTE_2020",0.993207084405282
"ARACARIGUAMA_SP",2020,"MÉDIO_PORTE_2020",0.971992490222377
"ARARIPE_CE",2020,"MÉDIO_PORTE_2020",0.919537264332877
"ARARIPINA_PE",2020,"MÉDIO_PORTE_2020",0.759746386051647
"ARMACAO DOS BUZIOS_RJ",2020,"MÉDIO_PORTE_2020",0.87313049282784
"ATALAIA_AL",2020,"MÉDIO_PORTE_2020",0.760023642761847
"BARRA DO BUGRES_MT",2020,"MÉDIO_PORTE_2020",0.806805753080185
"BARRA VELHA_SC",2020,"MÉDIO_PORTE_2020",0.805421550176013
"BEBERIBE_CE",2020,"MÉDIO_PORTE_2020",0.800337119700886
"BIGUACU_SC",2020,"MÉDIO_PORTE_2020",0.872753579274482
"BOA ESPERANCA_MG",2020,"MÉDIO_PORTE_2020",0.790236712586739
"BOM JESUS DOS PERDOES_SP",2020,"MÉDIO_PORTE_2020",0.756116392935335
"BREJO DA MADRE DE DEUS_PE",2020,"MÉDIO_PORTE_2020",0.767400832019649
"BREJO DO CRUZ_PB",2020,"MÉDIO_PORTE_2020",0.870142252745152
"CAAPORA_PB",2020,"MÉDIO_PORTE_2020",0.763377244420865
"CACADOR_SC",2020,"MÉDIO_PORTE_2020",0.936698662358275
"CACHOEIRINHA_PE",2020,"MÉDIO_PORTE_2020",0.904446857990197
"CAIEIRAS_SP",2020,"MÉDIO_PORTE_2020",0.819537388414185
"CALDAS NOVAS_GO",2020,"MÉDIO_PORTE_2020",0.881678745189758
"CAMPO VERDE_MT",2020,"MÉDIO_PORTE_2020",0.80379152304094
"CANOINHAS_SC",2020,"MÉDIO_PORTE_2020",0.978050230739456
"CANTAGALO_RJ",2020,"MÉDIO_PORTE_2020",0.789670058174904
"CAPOEIRAS_PE",2020,"MÉDIO_PORTE_2020",0.853994265589634
"CARIRIACU_CE",2020,"MÉDIO_PORTE_2020",0.885198860345507
"CERQUEIRA CESAR_SP",2020,"MÉDIO_PORTE_2020",0.764102201890599
"CHA GRANDE_PE",2020,"MÉDIO_PORTE_2020",0.800301179920414
"CHOPINZINHO_PR",2020,"MÉDIO_PORTE_2020",0.865152127169726
"CIANORTE_PR",2020,"MÉDIO_PORTE_2020",0.893343687188041
"COMODORO_MT",2020,"MÉDIO_PORTE_2020",0.94988800267132
"CRAIBAS_AL",2020,"MÉDIO_PORTE_2020",0.865864139474054
"CRIXAS_GO",2020,"MÉDIO_PORTE_2020",0.81760061050778
"DOM PEDRITO_RS",2020,"MÉDIO_PORTE_2020",0.986934649720466
"DUAS BARRAS_RJ",2020,"MÉDIO_PORTE_2020",0.899221485218404
"ESPIGAO DO OESTE_RO",2020,"MÉDIO_PORTE_2020",0.894042421682937
"EUSEBIO_CE",2020,"MÉDIO_PORTE_2020",1
"FERNANDOPOLIS_SP",2020,"MÉDIO_PORTE_2020",0.749795129194522
"FRANCISCO SA_MG",2020,"MÉDIO_PORTE_2020",0.89358981260266
"GRAVATA_PE",2020,"MÉDIO_PORTE_2020",0.806015451595962
"GUACUI_ES",2020,"MÉDIO_PORTE_2020",0.803325232581724
"GUAJARA-MIRIM_RO",2020,"MÉDIO_PORTE_2020",0.950381617340952
"GUARANTA DO NORTE_MT",2020,"MÉDIO_PORTE_2020",0.818303552520942
"GURUPI_TO",2020,"MÉDIO_PORTE_2020",0.924017068798076
"HOLAMBRA_SP",2020,"MÉDIO_PORTE_2020",0.844190932402097
"IGUABA GRANDE_RJ",2020,"MÉDIO_PORTE_2020",0.85084969711234
"INDAIAL_SC",2020,"MÉDIO_PORTE_2020",0.90386108659594
"IRAUCUBA_CE",2020,"MÉDIO_PORTE_2020",0.916541650682921
"ITACARAMBI_MG",2020,"MÉDIO_PORTE_2020",0.853175623953754
"ITAMARANDIBA_MG",2020,"MÉDIO_PORTE_2020",0.868445316027076
"ITAPIRA_SP",2020,"MÉDIO_PORTE_2020",0.917959200372914
"ITAQUIRAI_MS",2020,"MÉDIO_PORTE_2020",0.830861352975096
"ITAREMA_CE",2020,"MÉDIO_PORTE_2020",1
"ITUVERAVA_SP",2020,"MÉDIO_PORTE_2020",0.962092804536003
"IVOTI_RS",2020,"MÉDIO_PORTE_2020",0.867010679750619
"JACOBINA_BA",2020,"MÉDIO_PORTE_2020",0.759747538790272
"JAGUARAO_RS",2020,"MÉDIO_PORTE_2020",0.86449682097299
"JAGUARIAIVA_PR",2020,"MÉDIO_PORTE_2020",0.840486844401198
"JARU_RO",2020,"MÉDIO_PORTE_2020",0.937755951011087
"JUATUBA_MG",2020,"MÉDIO_PORTE_2020",0.799521731130894
"LAJEADO_RS",2020,"MÉDIO_PORTE_2020",0.832317245454323
"LAJEDO_PE",2020,"MÉDIO_PORTE_2020",0.759735347387782
"LAPA_PR",2020,"MÉDIO_PORTE_2020",0.767678903644533
"MACHADINHO D'OESTE_RO",2020,"MÉDIO_PORTE_2020",0.817496108758156
"MAFRA_SC",2020,"MÉDIO_PORTE_2020",0.813809905398114
"MANDAGUACU_PR",2020,"MÉDIO_PORTE_2020",0.830420614964199
"MANGARATIBA_RJ",2020,"MÉDIO_PORTE_2020",0.76188723421902
"MARACAJU_MS",2020,"MÉDIO_PORTE_2020",0.855473397740414
"MEDIANEIRA_PR",2020,"MÉDIO_PORTE_2020",0.899115433844478
"MESSIAS_AL",2020,"MÉDIO_PORTE_2020",0.909842118374097
"MILAGRES_CE",2020,"MÉDIO_PORTE_2020",0.964145197063749
"MORENO_PE",2020,"MÉDIO_PORTE_2020",0.760220955725209
"MORRO AGUDO_SP",2020,"MÉDIO_PORTE_2020",0.799127357326877
"MUNDO NOVO_MS",2020,"MÉDIO_PORTE_2020",0.826100100034329
"NOVA ANDRADINA_MS",2020,"MÉDIO_PORTE_2020",0.796487250114152
"OCARA_CE",2020,"MÉDIO_PORTE_2020",1
"OEIRAS DO PARA_PA",2020,"MÉDIO_PORTE_2020",0.763288067823614
"OLIVEIRA_MG",2020,"MÉDIO_PORTE_2020",0.900090968392353
"PARANAVAI_PR",2020,"MÉDIO_PORTE_2020",1
"PARAOPEBA_MG",2020,"MÉDIO_PORTE_2020",0.893530080682818
"PATROCINIO_MG",2020,"MÉDIO_PORTE_2020",0.919044000373812
"PATY DO ALFERES_RJ",2020,"MÉDIO_PORTE_2020",0.979659622060178
"PERDOES_MG",2020,"MÉDIO_PORTE_2020",0.84404191351717
"PICOS_PI",2020,"MÉDIO_PORTE_2020",0.849010245079478
"PIRAPORA_MG",2020,"MÉDIO_PORTE_2020",0.765880193267949
"PONTES E LACERDA_MT",2020,"MÉDIO_PORTE_2020",0.831307396128763
"PORTAO_RS",2020,"MÉDIO_PORTE_2020",0.952094914662156
"PORTO FERREIRA_SP",2020,"MÉDIO_PORTE_2020",1
"QUATIS_RJ",2020,"MÉDIO_PORTE_2020",0.882415618091321
"QUIPAPA_PE",2020,"MÉDIO_PORTE_2020",0.77467766880954
"RESERVA_PR",2020,"MÉDIO_PORTE_2020",0.853710868734595
"RIO BRILHANTE_MS",2020,"MÉDIO_PORTE_2020",0.955026092331811
"RIO NEGRO_PR",2020,"MÉDIO_PORTE_2020",1
"ROSARIO DO SUL_RS",2020,"MÉDIO_PORTE_2020",0.79088215008134
"SANTA FE DO SUL_SP",2020,"MÉDIO_PORTE_2020",0.923802790145416
"SANTA MARIA DE JETIBA_ES",2020,"MÉDIO_PORTE_2020",0.9934421584048
"SANTA VITORIA_MG",2020,"MÉDIO_PORTE_2020",0.819242719698051
"SANTO ANTONIO DA PATRULHA_RS",2020,"MÉDIO_PORTE_2020",0.996397401665556
"SAO JOAO DEL REI_MG",2020,"MÉDIO_PORTE_2020",0.781172095463783
"SAO MANUEL_SP",2020,"MÉDIO_PORTE_2020",0.898996297145956
"SAO MARCOS_RS",2020,"MÉDIO_PORTE_2020",0.969976761809119
"SARZEDO_MG",2020,"MÉDIO_PORTE_2020",0.934396098890174
"SEROPEDICA_RJ",2020,"MÉDIO_PORTE_2020",0.787237905592099
"SERTANIA_PE",2020,"MÉDIO_PORTE_2020",0.78528582710931
"TAQUARITINGA_SP",2020,"MÉDIO_PORTE_2020",0.759735347387782
"TAUA_CE",2020,"MÉDIO_PORTE_2020",0.763034090789574
"TRES MARIAS_MG",2020,"MÉDIO_PORTE_2020",0.870122693456692
"TRES PASSOS_RS",2020,"MÉDIO_PORTE_2020",0.865616219920068
"TRIUNFO_PE",2020,"MÉDIO_PORTE_2020",0.788098298893046
"UMBURANAS_BA",2020,"MÉDIO_PORTE_2020",1
"UNAI_MG",2020,"MÉDIO_PORTE_2020",0.866328253536285
"VARRE-SAI_RJ",2020,"MÉDIO_PORTE_2020",0.883474775719044
"VICOSA_MG",2020,"MÉDIO_PORTE_2020",0.866372571523195
"VIRADOURO_SP",2020,"MÉDIO_PORTE_2020",0.879093311084776
"ACREUNA_GO",2021,"MÉDIO_PORTE_2021",0.872725948238914
"ANDIRA_PR",2021,"MÉDIO_PORTE_2021",0.826621204335457
"AQUIDAUANA_MS",2021,"MÉDIO_PORTE_2021",0.979094231635542
"ARACARIGUAMA_SP",2021,"MÉDIO_PORTE_2021",0.859409142060199
"ARARIPE_CE",2021,"MÉDIO_PORTE_2021",0.87413613818101
"ARARIPINA_PE",2021,"MÉDIO_PORTE_2021",0.855903206157611
"ARMACAO DOS BUZIOS_RJ",2021,"MÉDIO_PORTE_2021",0.855655610914564
"ATALAIA_AL",2021,"MÉDIO_PORTE_2021",0.85527577528098
"BARRA DO BUGRES_MT",2021,"MÉDIO_PORTE_2021",0.860764633519198
"BARRA VELHA_SC",2021,"MÉDIO_PORTE_2021",0.878442986419946
"BEBERIBE_CE",2021,"MÉDIO_PORTE_2021",0.897173246616447
"BIGUACU_SC",2021,"MÉDIO_PORTE_2021",0.979056847632446
"BOA ESPERANCA_MG",2021,"MÉDIO_PORTE_2021",0.880132830526467
"BOM JESUS DOS PERDOES_SP",2021,"MÉDIO_PORTE_2021",0.856412839699559
"BREJO DA MADRE DE DEUS_PE",2021,"MÉDIO_PORTE_2021",0.858749219919183
"BREJO DO CRUZ_PB",2021,"MÉDIO_PORTE_2021",0.941513945677446
"CAAPORA_PB",2021,"MÉDIO_PORTE_2021",0.860987804425273
"CACADOR_SC",2021,"MÉDIO_PORTE_2021",0.861874756851027
"CACHOEIRINHA_PE",2021,"MÉDIO_PORTE_2021",1
"CAIEIRAS_SP",2021,"MÉDIO_PORTE_2021",0.915076491039166
"CALDAS NOVAS_GO",2021,"MÉDIO_PORTE_2021",0.984726602862917
"CAMPO VERDE_MT",2021,"MÉDIO_PORTE_2021",0.88986673878147
"CANOINHAS_SC",2021,"MÉDIO_PORTE_2021",1
"CANTAGALO_RJ",2021,"MÉDIO_PORTE_2021",0.857215600065004
"CAPOEIRAS_PE",2021,"MÉDIO_PORTE_2021",0.940811662947178
"CARIRIACU_CE",2021,"MÉDIO_PORTE_2021",0.946867554404262
"CERQUEIRA CESAR_SP",2021,"MÉDIO_PORTE_2021",0.809387997162694
"CHA GRANDE_PE",2021,"MÉDIO_PORTE_2021",0.878865821528003
"CHOPINZINHO_PR",2021,"MÉDIO_PORTE_2021",0.947396716860677
"CIANORTE_PR",2021,"MÉDIO_PORTE_2021",0.824347009751855
"COMODORO_MT",2021,"MÉDIO_PORTE_2021",0.937142730434184
"CRAIBAS_AL",2021,"MÉDIO_PORTE_2021",0.859566860042859
"CRIXAS_GO",2021,"MÉDIO_PORTE_2021",0.861434522152573
"DOM PEDRITO_RS",2021,"MÉDIO_PORTE_2021",0.986980277914222
"DUAS BARRAS_RJ",2021,"MÉDIO_PORTE_2021",1
"ESPIGAO DO OESTE_RO",2021,"MÉDIO_PORTE_2021",0.879687419987261
"EUSEBIO_CE",2021,"MÉDIO_PORTE_2021",1
"FERNANDOPOLIS_SP",2021,"MÉDIO_PORTE_2021",0.896085015522498
"FRANCISCO SA_MG",2021,"MÉDIO_PORTE_2021",0.971186235740455
"GRAVATA_PE",2021,"MÉDIO_PORTE_2021",0.921391951678009
"GUACUI_ES",2021,"MÉDIO_PORTE_2021",0.861112627447703
"GUAJARA-MIRIM_RO",2021,"MÉDIO_PORTE_2021",0.971538208236452
"GUARANTA DO NORTE_MT",2021,"MÉDIO_PORTE_2021",0.818493921269878
"GURUPI_TO",2021,"MÉDIO_PORTE_2021",0.946828212763006
"HOLAMBRA_SP",2021,"MÉDIO_PORTE_2021",0.892892985758865
"IGUABA GRANDE_RJ",2021,"MÉDIO_PORTE_2021",1
"INDAIAL_SC",2021,"MÉDIO_PORTE_2021",0.867772030766401
"IRAUCUBA_CE",2021,"MÉDIO_PORTE_2021",0.934659687510206
"ITACARAMBI_MG",2021,"MÉDIO_PORTE_2021",0.92730078660521
"ITAMARANDIBA_MG",2021,"MÉDIO_PORTE_2021",0.821769860014162
"ITAPIRA_SP",2021,"MÉDIO_PORTE_2021",0.901290632230154
"ITAQUIRAI_MS",2021,"MÉDIO_PORTE_2021",0.862514377029163
"ITAREMA_CE",2021,"MÉDIO_PORTE_2021",0.990587386887833
"ITUVERAVA_SP",2021,"MÉDIO_PORTE_2021",0.935061652575373
"IVOTI_RS",2021,"MÉDIO_PORTE_2021",0.915135651662335
"JACOBINA_BA",2021,"MÉDIO_PORTE_2021",0.858421447835117
"JAGUARAO_RS",2021,"MÉDIO_PORTE_2021",0.948342800081064
"JAGUARIAIVA_PR",2021,"MÉDIO_PORTE_2021",0.887777917179436
"JARU_RO",2021,"MÉDIO_PORTE_2021",0.937394610293481
"JUATUBA_MG",2021,"MÉDIO_PORTE_2021",0.896389414064198
"LAJEADO_RS",2021,"MÉDIO_PORTE_2021",0.989731166066386
"LAJEDO_PE",2021,"MÉDIO_PORTE_2021",0.861010582805724
"LAPA_PR",2021,"MÉDIO_PORTE_2021",0.821101905358355
"MACHADINHO D'OESTE_RO",2021,"MÉDIO_PORTE_2021",0.863288636720161
"MAFRA_SC",2021,"MÉDIO_PORTE_2021",0.85676474333261
"MANDAGUACU_PR",2021,"MÉDIO_PORTE_2021",0.878644505112202
"MANGARATIBA_RJ",2021,"MÉDIO_PORTE_2021",0.857038281532934
"MARACAJU_MS",2021,"MÉDIO_PORTE_2021",0.843113496448939
"MEDIANEIRA_PR",2021,"MÉDIO_PORTE_2021",0.903830708936715
"MESSIAS_AL",2021,"MÉDIO_PORTE_2021",0.956233582756524
"MILAGRES_CE",2021,"MÉDIO_PORTE_2021",0.887488533492625
"MORENO_PE",2021,"MÉDIO_PORTE_2021",0.858692719779275
"MORRO AGUDO_SP",2021,"MÉDIO_PORTE_2021",0.858993963058586
"MUNDO NOVO_MS",2021,"MÉDIO_PORTE_2021",0.849305512393663
"NOVA ANDRADINA_MS",2021,"MÉDIO_PORTE_2021",0.820511907785613
"OCARA_CE",2021,"MÉDIO_PORTE_2021",1
"OEIRAS DO PARA_PA",2021,"MÉDIO_PORTE_2021",0.861993338930668
"OLIVEIRA_MG",2021,"MÉDIO_PORTE_2021",0.969601675876174
"PARANAVAI_PR",2021,"MÉDIO_PORTE_2021",1
"PARAOPEBA_MG",2021,"MÉDIO_PORTE_2021",0.928469942254881
"PATROCINIO_MG",2021,"MÉDIO_PORTE_2021",0.941440207894267
"PATY DO ALFERES_RJ",2021,"MÉDIO_PORTE_2021",0.983626516978867
"PERDOES_MG",2021,"MÉDIO_PORTE_2021",0.836475053102645
"PICOS_PI",2021,"MÉDIO_PORTE_2021",0.891562244215499
"PIRAPORA_MG",2021,"MÉDIO_PORTE_2021",0.863290052152069
"PONTES E LACERDA_MT",2021,"MÉDIO_PORTE_2021",0.856355048508597
"PORTAO_RS",2021,"MÉDIO_PORTE_2021",1
"PORTO FERREIRA_SP",2021,"MÉDIO_PORTE_2021",1
"QUATIS_RJ",2021,"MÉDIO_PORTE_2021",0.950211155864755
"QUIPAPA_PE",2021,"MÉDIO_PORTE_2021",0.867786589191899
"RESERVA_PR",2021,"MÉDIO_PORTE_2021",0.942503824704558
"RIO BRILHANTE_MS",2021,"MÉDIO_PORTE_2021",0.993930359768861
"RIO NEGRO_PR",2021,"MÉDIO_PORTE_2021",1
"ROSARIO DO SUL_RS",2021,"MÉDIO_PORTE_2021",0.873394301301722
"SANTA FE DO SUL_SP",2021,"MÉDIO_PORTE_2021",0.995406957555955
"SANTA MARIA DE JETIBA_ES",2021,"MÉDIO_PORTE_2021",0.963341351442916
"SANTA VITORIA_MG",2021,"MÉDIO_PORTE_2021",0.862301211300716
"SANTO ANTONIO DA PATRULHA_RS",2021,"MÉDIO_PORTE_2021",0.979971755796911
"SAO JOAO DEL REI_MG",2021,"MÉDIO_PORTE_2021",0.835758258713218
"SAO MANUEL_SP",2021,"MÉDIO_PORTE_2021",0.947907692637714
"SAO MARCOS_RS",2021,"MÉDIO_PORTE_2021",1
"SARZEDO_MG",2021,"MÉDIO_PORTE_2021",0.94587418083975
"SEROPEDICA_RJ",2021,"MÉDIO_PORTE_2021",0.862742604412423
"SERTANIA_PE",2021,"MÉDIO_PORTE_2021",0.875915629730483
"TAQUARITINGA_SP",2021,"MÉDIO_PORTE_2021",0.855094086434695
"TAUA_CE",2021,"MÉDIO_PORTE_2021",0.862559584600487
"TRES MARIAS_MG",2021,"MÉDIO_PORTE_2021",0.961304241149664
"TRES PASSOS_RS",2021,"MÉDIO_PORTE_2021",0.846419980833611
"TRIUNFO_PE",2021,"MÉDIO_PORTE_2021",0.861933960341638
"UMBURANAS_BA",2021,"MÉDIO_PORTE_2021",0.991939699127351
"UNAI_MG",2021,"MÉDIO_PORTE_2021",0.858534109119819
"VARRE-SAI_RJ",2021,"MÉDIO_PORTE_2021",0.995331863278584
"VICOSA_MG",2021,"MÉDIO_PORTE_2021",0.802226701773704
"VIRADOURO_SP",2021,"MÉDIO_PORTE_2021",0.860028592124233
"ACREUNA_GO",2022,"MÉDIO_PORTE_2022",0.780039627223941
"ANDIRA_PR",2022,"MÉDIO_PORTE_2022",0.80494810554431
"AQUIDAUANA_MS",2022,"MÉDIO_PORTE_2022",0.856227057961149
"ARACARIGUAMA_SP",2022,"MÉDIO_PORTE_2022",0.723040782364482
"ARARIPE_CE",2022,"MÉDIO_PORTE_2022",0.770542524554608
"ARARIPINA_PE",2022,"MÉDIO_PORTE_2022",0.65493090926026
"ARMACAO DOS BUZIOS_RJ",2022,"MÉDIO_PORTE_2022",0.811995450840878
"ATALAIA_AL",2022,"MÉDIO_PORTE_2022",0.667801791042269
"BARRA DO BUGRES_MT",2022,"MÉDIO_PORTE_2022",0.828095139787635
"BARRA VELHA_SC",2022,"MÉDIO_PORTE_2022",0.791615025076026
"BEBERIBE_CE",2022,"MÉDIO_PORTE_2022",0.823848160516388
"BIGUACU_SC",2022,"MÉDIO_PORTE_2022",0.906606950438615
"BOA ESPERANCA_MG",2022,"MÉDIO_PORTE_2022",0.683530211950929
"BOM JESUS DOS PERDOES_SP",2022,"MÉDIO_PORTE_2022",0.756028446548808
"BREJO DA MADRE DE DEUS_PE",2022,"MÉDIO_PORTE_2022",0.689970808152777
"BREJO DO CRUZ_PB",2022,"MÉDIO_PORTE_2022",0.840791708222487
"CAAPORA_PB",2022,"MÉDIO_PORTE_2022",0.716998582892931
"CACADOR_SC",2022,"MÉDIO_PORTE_2022",0.841025035972474
"CACHOEIRINHA_PE",2022,"MÉDIO_PORTE_2022",1
"CAIEIRAS_SP",2022,"MÉDIO_PORTE_2022",0.811096154297176
"CALDAS NOVAS_GO",2022,"MÉDIO_PORTE_2022",0.820675519715056
"CAMPO VERDE_MT",2022,"MÉDIO_PORTE_2022",0.764931745661405
"CANOINHAS_SC",2022,"MÉDIO_PORTE_2022",0.875332216684941
"CANTAGALO_RJ",2022,"MÉDIO_PORTE_2022",0.733487939471743
"CAPOEIRAS_PE",2022,"MÉDIO_PORTE_2022",0.871529700186239
"CARIRIACU_CE",2022,"MÉDIO_PORTE_2022",0.788532532713149
"CERQUEIRA CESAR_SP",2022,"MÉDIO_PORTE_2022",0.773403013493795
"CHA GRANDE_PE",2022,"MÉDIO_PORTE_2022",0.723342013178691
"CHOPINZINHO_PR",2022,"MÉDIO_PORTE_2022",0.816976642194891
"CIANORTE_PR",2022,"MÉDIO_PORTE_2022",0.853859903245758
"COMODORO_MT",2022,"MÉDIO_PORTE_2022",0.690575007897246
"CRAIBAS_AL",2022,"MÉDIO_PORTE_2022",0.7920309501957
"CRIXAS_GO",2022,"MÉDIO_PORTE_2022",0.708756749328743
"DOM PEDRITO_RS",2022,"MÉDIO_PORTE_2022",0.943885647510895
"DUAS BARRAS_RJ",2022,"MÉDIO_PORTE_2022",1
"ESPIGAO DO OESTE_RO",2022,"MÉDIO_PORTE_2022",0.837273386647672
"EUSEBIO_CE",2022,"MÉDIO_PORTE_2022",1
"FERNANDOPOLIS_SP",2022,"MÉDIO_PORTE_2022",0.756008195459352
"FRANCISCO SA_MG",2022,"MÉDIO_PORTE_2022",0.933442491859312
"GRAVATA_PE",2022,"MÉDIO_PORTE_2022",0.778666329281181
"GUACUI_ES",2022,"MÉDIO_PORTE_2022",0.849548892513783
"GUAJARA-MIRIM_RO",2022,"MÉDIO_PORTE_2022",0.86621271080418
"GUARANTA DO NORTE_MT",2022,"MÉDIO_PORTE_2022",0.826664013102259
"GURUPI_TO",2022,"MÉDIO_PORTE_2022",0.873526283764366
"HOLAMBRA_SP",2022,"MÉDIO_PORTE_2022",0.932315187215015
"IGUABA GRANDE_RJ",2022,"MÉDIO_PORTE_2022",0.878623072500379
"INDAIAL_SC",2022,"MÉDIO_PORTE_2022",0.813810267017824
"IRAUCUBA_CE",2022,"MÉDIO_PORTE_2022",0.880175573962577
"ITACARAMBI_MG",2022,"MÉDIO_PORTE_2022",0.728430298662401
"ITAMARANDIBA_MG",2022,"MÉDIO_PORTE_2022",0.840216476985786
"ITAPIRA_SP",2022,"MÉDIO_PORTE_2022",0.73912248834951
"ITAQUIRAI_MS",2022,"MÉDIO_PORTE_2022",0.803838384847835
"ITAREMA_CE",2022,"MÉDIO_PORTE_2022",0.928322366754986
"ITUVERAVA_SP",2022,"MÉDIO_PORTE_2022",0.847494526391567
"IVOTI_RS",2022,"MÉDIO_PORTE_2022",0.885978460425536
"JACOBINA_BA",2022,"MÉDIO_PORTE_2022",0.648275809165129
"JAGUARAO_RS",2022,"MÉDIO_PORTE_2022",0.918779166906599
"JAGUARIAIVA_PR",2022,"MÉDIO_PORTE_2022",0.828351691550419
"JARU_RO",2022,"MÉDIO_PORTE_2022",0.915032818848929
"JUATUBA_MG",2022,"MÉDIO_PORTE_2022",0.741819432341658
"LAJEADO_RS",2022,"MÉDIO_PORTE_2022",0.967474717895626
"LAJEDO_PE",2022,"MÉDIO_PORTE_2022",0.729607869192696
"LAPA_PR",2022,"MÉDIO_PORTE_2022",0.854582222617987
"MACHADINHO D'OESTE_RO",2022,"MÉDIO_PORTE_2022",0.807777437569488
"MAFRA_SC",2022,"MÉDIO_PORTE_2022",0.754964650790428
"MANDAGUACU_PR",2022,"MÉDIO_PORTE_2022",0.808682533774147
"MANGARATIBA_RJ",2022,"MÉDIO_PORTE_2022",0.649949807494661
"MARACAJU_MS",2022,"MÉDIO_PORTE_2022",0.802131321012615
"MEDIANEIRA_PR",2022,"MÉDIO_PORTE_2022",0.751579599174782
"MESSIAS_AL",2022,"MÉDIO_PORTE_2022",0.897547235758346
"MILAGRES_CE",2022,"MÉDIO_PORTE_2022",0.791199794408462
"MORENO_PE",2022,"MÉDIO_PORTE_2022",0.65989826617272
"MORRO AGUDO_SP",2022,"MÉDIO_PORTE_2022",0.665971306857177
"MUNDO NOVO_MS",2022,"MÉDIO_PORTE_2022",0.832341248605905
"NOVA ANDRADINA_MS",2022,"MÉDIO_PORTE_2022",0.783081186510514
"OCARA_CE",2022,"MÉDIO_PORTE_2022",1
"OEIRAS DO PARA_PA",2022,"MÉDIO_PORTE_2022",0.69388893743792
"OLIVEIRA_MG",2022,"MÉDIO_PORTE_2022",0.899703622548353
"PARANAVAI_PR",2022,"MÉDIO_PORTE_2022",0.954663056399685
"PARAOPEBA_MG",2022,"MÉDIO_PORTE_2022",0.828835091143653
"PATROCINIO_MG",2022,"MÉDIO_PORTE_2022",0.900026753286385
"PATY DO ALFERES_RJ",2022,"MÉDIO_PORTE_2022",0.978982417203623
"PERDOES_MG",2022,"MÉDIO_PORTE_2022",0.842478499521853
"PICOS_PI",2022,"MÉDIO_PORTE_2022",0.849161044478593
"PIRAPORA_MG",2022,"MÉDIO_PORTE_2022",0.684501575792855
"PONTES E LACERDA_MT",2022,"MÉDIO_PORTE_2022",0.832050754764896
"PORTAO_RS",2022,"MÉDIO_PORTE_2022",1
"PORTO FERREIRA_SP",2022,"MÉDIO_PORTE_2022",1
"QUATIS_RJ",2022,"MÉDIO_PORTE_2022",0.848585391221155
"QUIPAPA_PE",2022,"MÉDIO_PORTE_2022",0.743149777852288
"RESERVA_PR",2022,"MÉDIO_PORTE_2022",0.859123766361904
"RIO BRILHANTE_MS",2022,"MÉDIO_PORTE_2022",0.976160998404119
"RIO NEGRO_PR",2022,"MÉDIO_PORTE_2022",1
"ROSARIO DO SUL_RS",2022,"MÉDIO_PORTE_2022",0.772005728666563
"SANTA FE DO SUL_SP",2022,"MÉDIO_PORTE_2022",0.91450176342689
"SANTA MARIA DE JETIBA_ES",2022,"MÉDIO_PORTE_2022",0.873411233881503
"SANTA VITORIA_MG",2022,"MÉDIO_PORTE_2022",0.681955569675299
"SANTO ANTONIO DA PATRULHA_RS",2022,"MÉDIO_PORTE_2022",0.926205320636886
"SAO JOAO DEL REI_MG",2022,"MÉDIO_PORTE_2022",0.670881904132724
"SAO MANUEL_SP",2022,"MÉDIO_PORTE_2022",0.679702871907206
"SAO MARCOS_RS",2022,"MÉDIO_PORTE_2022",1
"SARZEDO_MG",2022,"MÉDIO_PORTE_2022",0.919152029935467
"SEROPEDICA_RJ",2022,"MÉDIO_PORTE_2022",0.666848601769219
"SERTANIA_PE",2022,"MÉDIO_PORTE_2022",0.746676385108321
"TAQUARITINGA_SP",2022,"MÉDIO_PORTE_2022",0.639930853774771
"TAUA_CE",2022,"MÉDIO_PORTE_2022",0.689868769673717
"TRES MARIAS_MG",2022,"MÉDIO_PORTE_2022",0.875455338461644
"TRES PASSOS_RS",2022,"MÉDIO_PORTE_2022",0.856744619664697
"TRIUNFO_PE",2022,"MÉDIO_PORTE_2022",0.718947289992663
"UMBURANAS_BA",2022,"MÉDIO_PORTE_2022",0.922614671035412
"UNAI_MG",2022,"MÉDIO_PORTE_2022",0.649142908539351
"VARRE-SAI_RJ",2022,"MÉDIO_PORTE_2022",0.932511306512738
"VICOSA_MG",2022,"MÉDIO_PORTE_2022",0.797119038814764
"VIRADOURO_SP",2022,"MÉDIO_PORTE_2022",0.763815913964003
"ACREUNA_GO",2023,"MÉDIO_PORTE_2023",0.702045983779226
"ANDIRA_PR",2023,"MÉDIO_PORTE_2023",0.757310338192088
"AQUIDAUANA_MS",2023,"MÉDIO_PORTE_2023",0.737381239222497
"ARACARIGUAMA_SP",2023,"MÉDIO_PORTE_2023",0.635955076800109
"ARARIPE_CE",2023,"MÉDIO_PORTE_2023",0.761485506063686
"ARARIPINA_PE",2023,"MÉDIO_PORTE_2023",0.518798691559141
"ARMACAO DOS BUZIOS_RJ",2023,"MÉDIO_PORTE_2023",0.869063009223981
"ATALAIA_AL",2023,"MÉDIO_PORTE_2023",0.52213096450652
"BARRA DO BUGRES_MT",2023,"MÉDIO_PORTE_2023",0.795406676124121
"BARRA VELHA_SC",2023,"MÉDIO_PORTE_2023",0.601495250389425
"BEBERIBE_CE",2023,"MÉDIO_PORTE_2023",0.582247567304747
"BIGUACU_SC",2023,"MÉDIO_PORTE_2023",0.919348799166159
"BOA ESPERANCA_MG",2023,"MÉDIO_PORTE_2023",0.561396611433089
"BOM JESUS DOS PERDOES_SP",2023,"MÉDIO_PORTE_2023",0.75693927164497
"BREJO DA MADRE DE DEUS_PE",2023,"MÉDIO_PORTE_2023",0.579728604043631
"BREJO DO CRUZ_PB",2023,"MÉDIO_PORTE_2023",0.684312785805008
"CAAPORA_PB",2023,"MÉDIO_PORTE_2023",0.619312255876126
"CACADOR_SC",2023,"MÉDIO_PORTE_2023",0.951078965385466
"CACHOEIRINHA_PE",2023,"MÉDIO_PORTE_2023",0.772441248059632
"CAIEIRAS_SP",2023,"MÉDIO_PORTE_2023",0.889045188889364
"CALDAS NOVAS_GO",2023,"MÉDIO_PORTE_2023",1
"CAMPO VERDE_MT",2023,"MÉDIO_PORTE_2023",0.666077278664549
"CANOINHAS_SC",2023,"MÉDIO_PORTE_2023",0.778241989158706
"CANTAGALO_RJ",2023,"MÉDIO_PORTE_2023",0.684620033142037
"CAPOEIRAS_PE",2023,"MÉDIO_PORTE_2023",0.673616636598058
"CARIRIACU_CE",2023,"MÉDIO_PORTE_2023",0.734599176443951
"CERQUEIRA CESAR_SP",2023,"MÉDIO_PORTE_2023",0.727644089717829
"CHA GRANDE_PE",2023,"MÉDIO_PORTE_2023",0.600859268507478
"CHOPINZINHO_PR",2023,"MÉDIO_PORTE_2023",0.714150645807286
"CIANORTE_PR",2023,"MÉDIO_PORTE_2023",0.841977425287445
"COMODORO_MT",2023,"MÉDIO_PORTE_2023",0.554900495949248
"CRAIBAS_AL",2023,"MÉDIO_PORTE_2023",0.69876689700875
"CRIXAS_GO",2023,"MÉDIO_PORTE_2023",0.609133950594473
"DOM PEDRITO_RS",2023,"MÉDIO_PORTE_2023",0.978077003362494
"DUAS BARRAS_RJ",2023,"MÉDIO_PORTE_2023",0.853432774628775
"ESPIGAO DO OESTE_RO",2023,"MÉDIO_PORTE_2023",0.858564509989648
"EUSEBIO_CE",2023,"MÉDIO_PORTE_2023",1
"FERNANDOPOLIS_SP",2023,"MÉDIO_PORTE_2023",0.858332851235151
"FRANCISCO SA_MG",2023,"MÉDIO_PORTE_2023",0.779410914962605
"GRAVATA_PE",2023,"MÉDIO_PORTE_2023",0.653973977004013
"GUACUI_ES",2023,"MÉDIO_PORTE_2023",0.729982984113195
"GUAJARA-MIRIM_RO",2023,"MÉDIO_PORTE_2023",0.757838404064345
"GUARANTA DO NORTE_MT",2023,"MÉDIO_PORTE_2023",0.782389768560147
"GURUPI_TO",2023,"MÉDIO_PORTE_2023",0.831222976313248
"HOLAMBRA_SP",2023,"MÉDIO_PORTE_2023",0.834567398204984
"IGUABA GRANDE_RJ",2023,"MÉDIO_PORTE_2023",0.634320432827228
"INDAIAL_SC",2023,"MÉDIO_PORTE_2023",0.82854660660761
"IRAUCUBA_CE",2023,"MÉDIO_PORTE_2023",0.759650820895469
"ITACARAMBI_MG",2023,"MÉDIO_PORTE_2023",0.720226092579705
"ITAMARANDIBA_MG",2023,"MÉDIO_PORTE_2023",0.799475104457388
"ITAPIRA_SP",2023,"MÉDIO_PORTE_2023",0.834426364550308
"ITAQUIRAI_MS",2023,"MÉDIO_PORTE_2023",0.632157528765095
"ITAREMA_CE",2023,"MÉDIO_PORTE_2023",1
"ITUVERAVA_SP",2023,"MÉDIO_PORTE_2023",0.906721691909019
"IVOTI_RS",2023,"MÉDIO_PORTE_2023",0.875688160963002
"JACOBINA_BA",2023,"MÉDIO_PORTE_2023",0.514860504713786
"JAGUARAO_RS",2023,"MÉDIO_PORTE_2023",0.789221109809893
"JAGUARIAIVA_PR",2023,"MÉDIO_PORTE_2023",0.757992647679892
"JARU_RO",2023,"MÉDIO_PORTE_2023",0.960349398367147
"JUATUBA_MG",2023,"MÉDIO_PORTE_2023",0.68603326128858
"LAJEADO_RS",2023,"MÉDIO_PORTE_2023",0.929088147398396
"LAJEDO_PE",2023,"MÉDIO_PORTE_2023",0.576379416025141
"LAPA_PR",2023,"MÉDIO_PORTE_2023",0.910662638465282
"MACHADINHO D'OESTE_RO",2023,"MÉDIO_PORTE_2023",0.792961917805548
"MAFRA_SC",2023,"MÉDIO_PORTE_2023",0.648635023061166
"MANDAGUACU_PR",2023,"MÉDIO_PORTE_2023",0.720167474271138
"MANGARATIBA_RJ",2023,"MÉDIO_PORTE_2023",0.526324403833729
"MARACAJU_MS",2023,"MÉDIO_PORTE_2023",0.817895313030334
"MEDIANEIRA_PR",2023,"MÉDIO_PORTE_2023",0.742218924255358
"MESSIAS_AL",2023,"MÉDIO_PORTE_2023",0.771208029792917
"MILAGRES_CE",2023,"MÉDIO_PORTE_2023",0.714164214106544
"MORENO_PE",2023,"MÉDIO_PORTE_2023",0.544262923026752
"MORRO AGUDO_SP",2023,"MÉDIO_PORTE_2023",0.595486548135941
"MUNDO NOVO_MS",2023,"MÉDIO_PORTE_2023",0.629679458631584
"NOVA ANDRADINA_MS",2023,"MÉDIO_PORTE_2023",0.806735864543846
"OCARA_CE",2023,"MÉDIO_PORTE_2023",0.886627388757067
"OEIRAS DO PARA_PA",2023,"MÉDIO_PORTE_2023",0.571900328039681
"OLIVEIRA_MG",2023,"MÉDIO_PORTE_2023",0.797974614489413
"PARANAVAI_PR",2023,"MÉDIO_PORTE_2023",1
"PARAOPEBA_MG",2023,"MÉDIO_PORTE_2023",0.676499992077234
"PATROCINIO_MG",2023,"MÉDIO_PORTE_2023",0.940264558354503
"PATY DO ALFERES_RJ",2023,"MÉDIO_PORTE_2023",0.957008566404596
"PERDOES_MG",2023,"MÉDIO_PORTE_2023",0.79741242405885
"PICOS_PI",2023,"MÉDIO_PORTE_2023",0.802825585799135
"PIRAPORA_MG",2023,"MÉDIO_PORTE_2023",0.563433178085552
"PONTES E LACERDA_MT",2023,"MÉDIO_PORTE_2023",0.738532480491828
"PORTAO_RS",2023,"MÉDIO_PORTE_2023",0.979309822258429
"PORTO FERREIRA_SP",2023,"MÉDIO_PORTE_2023",0.915905452976715
"QUATIS_RJ",2023,"MÉDIO_PORTE_2023",0.689802195782769
"QUIPAPA_PE",2023,"MÉDIO_PORTE_2023",0.607090007638919
"RESERVA_PR",2023,"MÉDIO_PORTE_2023",0.779901019872622
"RIO BRILHANTE_MS",2023,"MÉDIO_PORTE_2023",1
"RIO NEGRO_PR",2023,"MÉDIO_PORTE_2023",0.914284899285437
"ROSARIO DO SUL_RS",2023,"MÉDIO_PORTE_2023",0.718850620535695
"SANTA FE DO SUL_SP",2023,"MÉDIO_PORTE_2023",0.864327121842224
"SANTA MARIA DE JETIBA_ES",2023,"MÉDIO_PORTE_2023",0.816848228065364
"SANTA VITORIA_MG",2023,"MÉDIO_PORTE_2023",0.66534970357524
"SANTO ANTONIO DA PATRULHA_RS",2023,"MÉDIO_PORTE_2023",0.942098778816837
"SAO JOAO DEL REI_MG",2023,"MÉDIO_PORTE_2023",0.558077962499607
"SAO MANUEL_SP",2023,"MÉDIO_PORTE_2023",0.830328355396007
"SAO MARCOS_RS",2023,"MÉDIO_PORTE_2023",0.949511221773857
"SARZEDO_MG",2023,"MÉDIO_PORTE_2023",0.675973230762076
"SEROPEDICA_RJ",2023,"MÉDIO_PORTE_2023",0.573458702327866
"SERTANIA_PE",2023,"MÉDIO_PORTE_2023",0.62675500603108
"TAQUARITINGA_SP",2023,"MÉDIO_PORTE_2023",0.56738592646454
"TAUA_CE",2023,"MÉDIO_PORTE_2023",0.581860291211972
"TRES MARIAS_MG",2023,"MÉDIO_PORTE_2023",0.850640939718804
"TRES PASSOS_RS",2023,"MÉDIO_PORTE_2023",0.819868276565899
"TRIUNFO_PE",2023,"MÉDIO_PORTE_2023",0.597435951405921
"UMBURANAS_BA",2023,"MÉDIO_PORTE_2023",0.779118691189533
"UNAI_MG",2023,"MÉDIO_PORTE_2023",0.567803043058287
"VARRE-SAI_RJ",2023,"MÉDIO_PORTE_2023",0.866811309993103
"VICOSA_MG",2023,"MÉDIO_PORTE_2023",0.80263766569073
"VIRADOURO_SP",2023,"MÉDIO_PORTE_2023",0.818248573022608
"ACREUNA_GO",2024,"MÉDIO_PORTE_2024",0.788916729198181
"ANDIRA_PR",2024,"MÉDIO_PORTE_2024",0.778904089323388
"AQUIDAUANA_MS",2024,"MÉDIO_PORTE_2024",0.698501198934435
"ARACARIGUAMA_SP",2024,"MÉDIO_PORTE_2024",0.792560421074354
"ARARIPE_CE",2024,"MÉDIO_PORTE_2024",0.790516091188031
"ARARIPINA_PE",2024,"MÉDIO_PORTE_2024",0.604589611443121
"ARMACAO DOS BUZIOS_RJ",2024,"MÉDIO_PORTE_2024",0.989019900057952
"ATALAIA_AL",2024,"MÉDIO_PORTE_2024",0.68488256726199
"BARRA DO BUGRES_MT",2024,"MÉDIO_PORTE_2024",0.730407393903464
"BARRA VELHA_SC",2024,"MÉDIO_PORTE_2024",0.718667579907566
"BEBERIBE_CE",2024,"MÉDIO_PORTE_2024",0.744521575324704
"BIGUACU_SC",2024,"MÉDIO_PORTE_2024",0.92710910267857
"BOA ESPERANCA_MG",2024,"MÉDIO_PORTE_2024",0.710143944526086
"BOM JESUS DOS PERDOES_SP",2024,"MÉDIO_PORTE_2024",0.82679862380693
"BREJO DA MADRE DE DEUS_PE",2024,"MÉDIO_PORTE_2024",0.659058541520063
"BREJO DO CRUZ_PB",2024,"MÉDIO_PORTE_2024",0.805832700979758
"CAAPORA_PB",2024,"MÉDIO_PORTE_2024",0.733428060224441
"CACADOR_SC",2024,"MÉDIO_PORTE_2024",0.996254924377915
"CACHOEIRINHA_PE",2024,"MÉDIO_PORTE_2024",0.854359836393926
"CAIEIRAS_SP",2024,"MÉDIO_PORTE_2024",0.906435759939904
"CALDAS NOVAS_GO",2024,"MÉDIO_PORTE_2024",1
"CAMPO VERDE_MT",2024,"MÉDIO_PORTE_2024",0.919312611156598
"CANOINHAS_SC",2024,"MÉDIO_PORTE_2024",0.740188803331463
"CANTAGALO_RJ",2024,"MÉDIO_PORTE_2024",0.815133198673373
"CAPOEIRAS_PE",2024,"MÉDIO_PORTE_2024",0.784429210395245
"CARIRIACU_CE",2024,"MÉDIO_PORTE_2024",0.861846006045038
"CERQUEIRA CESAR_SP",2024,"MÉDIO_PORTE_2024",0.850226763515548
"CHA GRANDE_PE",2024,"MÉDIO_PORTE_2024",0.72571297239314
"CHOPINZINHO_PR",2024,"MÉDIO_PORTE_2024",0.861707404656459
"CIANORTE_PR",2024,"MÉDIO_PORTE_2024",0.833980730173009
"COMODORO_MT",2024,"MÉDIO_PORTE_2024",0.833035220025638
"CRAIBAS_AL",2024,"MÉDIO_PORTE_2024",0.797921983886718
"CRIXAS_GO",2024,"MÉDIO_PORTE_2024",0.806978450347396
"DOM PEDRITO_RS",2024,"MÉDIO_PORTE_2024",1
"DUAS BARRAS_RJ",2024,"MÉDIO_PORTE_2024",0.85888390720474
"ESPIGAO DO OESTE_RO",2024,"MÉDIO_PORTE_2024",0.896500319960026
"EUSEBIO_CE",2024,"MÉDIO_PORTE_2024",1
"FERNANDOPOLIS_SP",2024,"MÉDIO_PORTE_2024",0.851286307871163
"FRANCISCO SA_MG",2024,"MÉDIO_PORTE_2024",0.818257620003203
"GRAVATA_PE",2024,"MÉDIO_PORTE_2024",0.684323550627483
"GUACUI_ES",2024,"MÉDIO_PORTE_2024",0.827717517279649
"GUAJARA-MIRIM_RO",2024,"MÉDIO_PORTE_2024",0.885089809112045
"GUARANTA DO NORTE_MT",2024,"MÉDIO_PORTE_2024",0.683672431706269
"GURUPI_TO",2024,"MÉDIO_PORTE_2024",0.92697701608363
"HOLAMBRA_SP",2024,"MÉDIO_PORTE_2024",0.892538607857603
"IGUABA GRANDE_RJ",2024,"MÉDIO_PORTE_2024",0.708785935561202
"INDAIAL_SC",2024,"MÉDIO_PORTE_2024",0.71950539160154
"IRAUCUBA_CE",2024,"MÉDIO_PORTE_2024",0.889996112063867
"ITACARAMBI_MG",2024,"MÉDIO_PORTE_2024",0.8621906308891
"ITAMARANDIBA_MG",2024,"MÉDIO_PORTE_2024",0.805187088349836
"ITAPIRA_SP",2024,"MÉDIO_PORTE_2024",0.780718677279321
"ITAQUIRAI_MS",2024,"MÉDIO_PORTE_2024",0.829416666219275
"ITAREMA_CE",2024,"MÉDIO_PORTE_2024",0.957506799833509
"ITUVERAVA_SP",2024,"MÉDIO_PORTE_2024",0.818708106084052
"IVOTI_RS",2024,"MÉDIO_PORTE_2024",0.913576021109653
"JACOBINA_BA",2024,"MÉDIO_PORTE_2024",0.594726440887862
"JAGUARAO_RS",2024,"MÉDIO_PORTE_2024",0.893451950254686
"JAGUARIAIVA_PR",2024,"MÉDIO_PORTE_2024",0.849671291982743
"JARU_RO",2024,"MÉDIO_PORTE_2024",0.928764399063419
"JUATUBA_MG",2024,"MÉDIO_PORTE_2024",0.839402945036908
"LAJEADO_RS",2024,"MÉDIO_PORTE_2024",1
"LAJEDO_PE",2024,"MÉDIO_PORTE_2024",0.700605229107183
"LAPA_PR",2024,"MÉDIO_PORTE_2024",0.727175756704116
"MACHADINHO D'OESTE_RO",2024,"MÉDIO_PORTE_2024",0.850068565527964
"MAFRA_SC",2024,"MÉDIO_PORTE_2024",0.745804463996682
"MANDAGUACU_PR",2024,"MÉDIO_PORTE_2024",0.789458468015057
"MANGARATIBA_RJ",2024,"MÉDIO_PORTE_2024",0.609457912369736
"MARACAJU_MS",2024,"MÉDIO_PORTE_2024",0.826230067648347
"MEDIANEIRA_PR",2024,"MÉDIO_PORTE_2024",0.87889958307115
"MESSIAS_AL",2024,"MÉDIO_PORTE_2024",0.854906267068916
"MILAGRES_CE",2024,"MÉDIO_PORTE_2024",0.874179225020464
"MORENO_PE",2024,"MÉDIO_PORTE_2024",0.63772779836538
"MORRO AGUDO_SP",2024,"MÉDIO_PORTE_2024",0.700739337035485
"MUNDO NOVO_MS",2024,"MÉDIO_PORTE_2024",0.818716684720769
"NOVA ANDRADINA_MS",2024,"MÉDIO_PORTE_2024",0.881331287576675
"OCARA_CE",2024,"MÉDIO_PORTE_2024",0.911868864528377
"OEIRAS DO PARA_PA",2024,"MÉDIO_PORTE_2024",0.733327830371234
"OLIVEIRA_MG",2024,"MÉDIO_PORTE_2024",0.858636698779031
"PARANAVAI_PR",2024,"MÉDIO_PORTE_2024",1
"PARAOPEBA_MG",2024,"MÉDIO_PORTE_2024",0.828534344962048
"PATROCINIO_MG",2024,"MÉDIO_PORTE_2024",1
"PATY DO ALFERES_RJ",2024,"MÉDIO_PORTE_2024",0.982832849058247
"PERDOES_MG",2024,"MÉDIO_PORTE_2024",0.790916999946463
"PICOS_PI",2024,"MÉDIO_PORTE_2024",0.76716640623954
"PIRAPORA_MG",2024,"MÉDIO_PORTE_2024",0.661328575126959
"PONTES E LACERDA_MT",2024,"MÉDIO_PORTE_2024",0.720273230786004
"PORTAO_RS",2024,"MÉDIO_PORTE_2024",0.951671446933075
"PORTO FERREIRA_SP",2024,"MÉDIO_PORTE_2024",0.885617198861039
"QUATIS_RJ",2024,"MÉDIO_PORTE_2024",0.81908015954585
"QUIPAPA_PE",2024,"MÉDIO_PORTE_2024",0.788031505596976
"RESERVA_PR",2024,"MÉDIO_PORTE_2024",0.856661385050646
"RIO BRILHANTE_MS",2024,"MÉDIO_PORTE_2024",0.945911399235183
"RIO NEGRO_PR",2024,"MÉDIO_PORTE_2024",1
"ROSARIO DO SUL_RS",2024,"MÉDIO_PORTE_2024",0.874747422369508
"SANTA FE DO SUL_SP",2024,"MÉDIO_PORTE_2024",0.97860558223756
"SANTA MARIA DE JETIBA_ES",2024,"MÉDIO_PORTE_2024",0.850763649337448
"SANTA VITORIA_MG",2024,"MÉDIO_PORTE_2024",0.753446425819147
"SANTO ANTONIO DA PATRULHA_RS",2024,"MÉDIO_PORTE_2024",0.952872757362015
"SAO JOAO DEL REI_MG",2024,"MÉDIO_PORTE_2024",0.637300058705881
"SAO MANUEL_SP",2024,"MÉDIO_PORTE_2024",0.792873600010779
"SAO MARCOS_RS",2024,"MÉDIO_PORTE_2024",0.963570898670257
"SARZEDO_MG",2024,"MÉDIO_PORTE_2024",0.709584377308979
"SEROPEDICA_RJ",2024,"MÉDIO_PORTE_2024",0.698402945076065
"SERTANIA_PE",2024,"MÉDIO_PORTE_2024",0.724519421447898
"TAQUARITINGA_SP",2024,"MÉDIO_PORTE_2024",0.592686580008258
"TAUA_CE",2024,"MÉDIO_PORTE_2024",0.681740265654019
"TRES MARIAS_MG",2024,"MÉDIO_PORTE_2024",0.939116772554306
"TRES PASSOS_RS",2024,"MÉDIO_PORTE_2024",0.913529057017613
"TRIUNFO_PE",2024,"MÉDIO_PORTE_2024",0.707240588799204
"UMBURANAS_BA",2024,"MÉDIO_PORTE_2024",0.847748801687481
"UNAI_MG",2024,"MÉDIO_PORTE_2024",0.763300431951768
"VARRE-SAI_RJ",2024,"MÉDIO_PORTE_2024",0.919150852874361
"VICOSA_MG",2024,"MÉDIO_PORTE_2024",0.735737158886696
"VIRADOURO_SP",2024,"MÉDIO_PORTE_2024",0.846593954704241
"ANGELICA_MS",2019,"PEQUENO_PORTE_2019",0.926951640189499
"BALNEARIO BARRA DO SUL_SC",2019,"PEQUENO_PORTE_2019",0.974595037160917
"BARRACAO_PR",2019,"PEQUENO_PORTE_2019",0.949827337360654
"BOQUEIRAO DO LEAO_RS",2019,"PEQUENO_PORTE_2019",1
"BRASOPOLIS_MG",2019,"PEQUENO_PORTE_2019",0.910409162022086
"CAPAO BONITO DO SUL_RS",2019,"PEQUENO_PORTE_2019",0.944180341536197
"CARMO DO CAJURU_MG",2019,"PEQUENO_PORTE_2019",0.977462189445614
"CONTENDA_PR",2019,"PEQUENO_PORTE_2019",0.933055543539868
"CORONEL MACEDO_SP",2019,"PEQUENO_PORTE_2019",0.912949312620014
"DIVINO_MG",2019,"PEQUENO_PORTE_2019",0.900308848218051
"GONCALVES_MG",2019,"PEQUENO_PORTE_2019",0.949790643140407
"ITATINGA_SP",2019,"PEQUENO_PORTE_2019",0.977792554000441
"JAPURA_PR",2019,"PEQUENO_PORTE_2019",0.96595449297156
"LIBERATO SALZANO_RS",2019,"PEQUENO_PORTE_2019",0.950105294396654
"MATA_RS",2019,"PEQUENO_PORTE_2019",0.981857922563625
"NOVA ESPERANCA DO SUL_RS",2019,"PEQUENO_PORTE_2019",0.998828833594823
"NOVO HORIZONTE DO OESTE_RO",2019,"PEQUENO_PORTE_2019",0.958515907930318
"NOVO ITACOLOMI_PR",2019,"PEQUENO_PORTE_2019",1
"PARISI_SP",2019,"PEQUENO_PORTE_2019",0.981202464212279
"PASSA QUATRO_MG",2019,"PEQUENO_PORTE_2019",0.890719219447921
"RAFARD_SP",2019,"PEQUENO_PORTE_2019",0.969886198695385
"SAO JOAO DA LAGOA_MG",2019,"PEQUENO_PORTE_2019",1
"SAO JOSE DO CALCADO_ES",2019,"PEQUENO_PORTE_2019",0.998488801537106
"SAO JOSE DO SERIDO_RN",2019,"PEQUENO_PORTE_2019",0.946241419961379
"TAIO_SC",2019,"PEQUENO_PORTE_2019",1
"VERA_MT",2019,"PEQUENO_PORTE_2019",0.881970158566035
"ANGELICA_MS",2020,"PEQUENO_PORTE_2020",0.907414848664157
"BALNEARIO BARRA DO SUL_SC",2020,"PEQUENO_PORTE_2020",0.956487856098407
"BARRACAO_PR",2020,"PEQUENO_PORTE_2020",0.944856711736361
"BOQUEIRAO DO LEAO_RS",2020,"PEQUENO_PORTE_2020",1
"BRASOPOLIS_MG",2020,"PEQUENO_PORTE_2020",0.942938064639372
"CAPAO BONITO DO SUL_RS",2020,"PEQUENO_PORTE_2020",0.933892461557954
"CARMO DO CAJURU_MG",2020,"PEQUENO_PORTE_2020",0.948161391616033
"CONTENDA_PR",2020,"PEQUENO_PORTE_2020",0.959088298830915
"CORONEL MACEDO_SP",2020,"PEQUENO_PORTE_2020",0.916186676190675
"DIVINO_MG",2020,"PEQUENO_PORTE_2020",0.933314867905002
"GONCALVES_MG",2020,"PEQUENO_PORTE_2020",0.941394474827462
"ITATINGA_SP",2020,"PEQUENO_PORTE_2020",0.952910144080962
"JAPURA_PR",2020,"PEQUENO_PORTE_2020",0.942739504134072
"LIBERATO SALZANO_RS",2020,"PEQUENO_PORTE_2020",0.935109585478393
"MATA_RS",2020,"PEQUENO_PORTE_2020",0.950976905555413
"NOVA ESPERANCA DO SUL_RS",2020,"PEQUENO_PORTE_2020",0.978371195142517
"NOVO HORIZONTE DO OESTE_RO",2020,"PEQUENO_PORTE_2020",0.952497391491194
"NOVO ITACOLOMI_PR",2020,"PEQUENO_PORTE_2020",1
"PARISI_SP",2020,"PEQUENO_PORTE_2020",0.963755985143193
"PASSA QUATRO_MG",2020,"PEQUENO_PORTE_2020",0.917162471864973
"RAFARD_SP",2020,"PEQUENO_PORTE_2020",0.971140010825894
"SAO JOAO DA LAGOA_MG",2020,"PEQUENO_PORTE_2020",1
"SAO JOSE DO CALCADO_ES",2020,"PEQUENO_PORTE_2020",1
"SAO JOSE DO SERIDO_RN",2020,"PEQUENO_PORTE_2020",0.932959777960064
"TAIO_SC",2020,"PEQUENO_PORTE_2020",1
"VERA_MT",2020,"PEQUENO_PORTE_2020",0.909469658204188
"ANGELICA_MS",2021,"PEQUENO_PORTE_2021",0.962272292090327
"BALNEARIO BARRA DO SUL_SC",2021,"PEQUENO_PORTE_2021",0.974424270141082
"BARRACAO_PR",2021,"PEQUENO_PORTE_2021",0.977959876980675
"BOQUEIRAO DO LEAO_RS",2021,"PEQUENO_PORTE_2021",1
"BRASOPOLIS_MG",2021,"PEQUENO_PORTE_2021",0.987421776337283
"CAPAO BONITO DO SUL_RS",2021,"PEQUENO_PORTE_2021",0.96509408135002
"CARMO DO CAJURU_MG",2021,"PEQUENO_PORTE_2021",0.947505968661803
"CONTENDA_PR",2021,"PEQUENO_PORTE_2021",0.966941772813131
"CORONEL MACEDO_SP",2021,"PEQUENO_PORTE_2021",0.96584806678999
"DIVINO_MG",2021,"PEQUENO_PORTE_2021",0.962296521303217
"GONCALVES_MG",2021,"PEQUENO_PORTE_2021",0.96619517993651
"ITATINGA_SP",2021,"PEQUENO_PORTE_2021",0.999743752076549
"JAPURA_PR",2021,"PEQUENO_PORTE_2021",0.936280750946916
"LIBERATO SALZANO_RS",2021,"PEQUENO_PORTE_2021",0.973220904352599
"MATA_RS",2021,"PEQUENO_PORTE_2021",0.969452038830045
"NOVA ESPERANCA DO SUL_RS",2021,"PEQUENO_PORTE_2021",1
"NOVO HORIZONTE DO OESTE_RO",2021,"PEQUENO_PORTE_2021",0.966768802264836
"NOVO ITACOLOMI_PR",2021,"PEQUENO_PORTE_2021",1
"PARISI_SP",2021,"PEQUENO_PORTE_2021",0.985030999650003
"PASSA QUATRO_MG",2021,"PEQUENO_PORTE_2021",0.960138341947835
"RAFARD_SP",2021,"PEQUENO_PORTE_2021",0.999694824605559
"SAO JOAO DA LAGOA_MG",2021,"PEQUENO_PORTE_2021",1
"SAO JOSE DO CALCADO_ES",2021,"PEQUENO_PORTE_2021",1
"SAO JOSE DO SERIDO_RN",2021,"PEQUENO_PORTE_2021",0.969019275488323
"TAIO_SC",2021,"PEQUENO_PORTE_2021",1
"VERA_MT",2021,"PEQUENO_PORTE_2021",0.969107293176577
"ANGELICA_MS",2022,"PEQUENO_PORTE_2022",0.895117725390973
"BALNEARIO BARRA DO SUL_SC",2022,"PEQUENO_PORTE_2022",0.962603536646369
"BARRACAO_PR",2022,"PEQUENO_PORTE_2022",0.969794512381078
"BOQUEIRAO DO LEAO_RS",2022,"PEQUENO_PORTE_2022",1
"BRASOPOLIS_MG",2022,"PEQUENO_PORTE_2022",0.949121659081489
"CAPAO BONITO DO SUL_RS",2022,"PEQUENO_PORTE_2022",0.931963838797084
"CARMO DO CAJURU_MG",2022,"PEQUENO_PORTE_2022",0.946855305887984
"CONTENDA_PR",2022,"PEQUENO_PORTE_2022",0.962626808579213
"CORONEL MACEDO_SP",2022,"PEQUENO_PORTE_2022",0.919652159709609
"DIVINO_MG",2022,"PEQUENO_PORTE_2022",0.938926337180504
"GONCALVES_MG",2022,"PEQUENO_PORTE_2022",0.920885782492252
"ITATINGA_SP",2022,"PEQUENO_PORTE_2022",1
"JAPURA_PR",2022,"PEQUENO_PORTE_2022",0.934029311842938
"LIBERATO SALZANO_RS",2022,"PEQUENO_PORTE_2022",0.955907538497459
"MATA_RS",2022,"PEQUENO_PORTE_2022",0.969178815249005
"NOVA ESPERANCA DO SUL_RS",2022,"PEQUENO_PORTE_2022",0.991858002953563
"NOVO HORIZONTE DO OESTE_RO",2022,"PEQUENO_PORTE_2022",0.960778320549752
"NOVO ITACOLOMI_PR",2022,"PEQUENO_PORTE_2022",1
"PARISI_SP",2022,"PEQUENO_PORTE_2022",0.959012904107846
"PASSA QUATRO_MG",2022,"PEQUENO_PORTE_2022",0.905445980232963
"RAFARD_SP",2022,"PEQUENO_PORTE_2022",0.994319487988985
"SAO JOAO DA LAGOA_MG",2022,"PEQUENO_PORTE_2022",1
"SAO JOSE DO CALCADO_ES",2022,"PEQUENO_PORTE_2022",0.999796704502974
"SAO JOSE DO SERIDO_RN",2022,"PEQUENO_PORTE_2022",0.928395553179442
"TAIO_SC",2022,"PEQUENO_PORTE_2022",1
"VERA_MT",2022,"PEQUENO_PORTE_2022",0.945397942390819
"ANGELICA_MS",2023,"PEQUENO_PORTE_2023",0.841546392655981
"BALNEARIO BARRA DO SUL_SC",2023,"PEQUENO_PORTE_2023",0.924589912598164
"BARRACAO_PR",2023,"PEQUENO_PORTE_2023",0.923440381277542
"BOQUEIRAO DO LEAO_RS",2023,"PEQUENO_PORTE_2023",1
"BRASOPOLIS_MG",2023,"PEQUENO_PORTE_2023",0.892143858508132
"CAPAO BONITO DO SUL_RS",2023,"PEQUENO_PORTE_2023",0.885041063545643
"CARMO DO CAJURU_MG",2023,"PEQUENO_PORTE_2023",0.958488869636999
"CONTENDA_PR",2023,"PEQUENO_PORTE_2023",0.982459295184791
"CORONEL MACEDO_SP",2023,"PEQUENO_PORTE_2023",0.892460745525499
"DIVINO_MG",2023,"PEQUENO_PORTE_2023",0.875509975216764
"GONCALVES_MG",2023,"PEQUENO_PORTE_2023",0.872439356066541
"ITATINGA_SP",2023,"PEQUENO_PORTE_2023",0.999076845491639
"JAPURA_PR",2023,"PEQUENO_PORTE_2023",0.895568553185993
"LIBERATO SALZANO_RS",2023,"PEQUENO_PORTE_2023",0.916911635523999
"MATA_RS",2023,"PEQUENO_PORTE_2023",0.930654674609632
"NOVA ESPERANCA DO SUL_RS",2023,"PEQUENO_PORTE_2023",1
"NOVO HORIZONTE DO OESTE_RO",2023,"PEQUENO_PORTE_2023",0.952484710102913
"NOVO ITACOLOMI_PR",2023,"PEQUENO_PORTE_2023",0.974571720934154
"PARISI_SP",2023,"PEQUENO_PORTE_2023",0.94578518783385
"PASSA QUATRO_MG",2023,"PEQUENO_PORTE_2023",0.847885000264025
"RAFARD_SP",2023,"PEQUENO_PORTE_2023",0.978765898051797
"SAO JOAO DA LAGOA_MG",2023,"PEQUENO_PORTE_2023",1
"SAO JOSE DO CALCADO_ES",2023,"PEQUENO_PORTE_2023",1
"SAO JOSE DO SERIDO_RN",2023,"PEQUENO_PORTE_2023",0.943135052621329
"TAIO_SC",2023,"PEQUENO_PORTE_2023",1
"VERA_MT",2023,"PEQUENO_PORTE_2023",0.974780025904991
"ANGELICA_MS",2024,"PEQUENO_PORTE_2024",0.867055376864202
"BALNEARIO BARRA DO SUL_SC",2024,"PEQUENO_PORTE_2024",0.967489760577341
"BARRACAO_PR",2024,"PEQUENO_PORTE_2024",0.951025359778438
"BOQUEIRAO DO LEAO_RS",2024,"PEQUENO_PORTE_2024",0.97680697006019
"BRASOPOLIS_MG",2024,"PEQUENO_PORTE_2024",0.93102574788176
"CAPAO BONITO DO SUL_RS",2024,"PEQUENO_PORTE_2024",0.936350699656806
"CARMO DO CAJURU_MG",2024,"PEQUENO_PORTE_2024",0.867189192937669
"CONTENDA_PR",2024,"PEQUENO_PORTE_2024",0.933661308932982
"CORONEL MACEDO_SP",2024,"PEQUENO_PORTE_2024",0.906681323625234
"DIVINO_MG",2024,"PEQUENO_PORTE_2024",0.884009231839587
"GONCALVES_MG",2024,"PEQUENO_PORTE_2024",0.924475120989581
"ITATINGA_SP",2024,"PEQUENO_PORTE_2024",0.916987018429379
"JAPURA_PR",2024,"PEQUENO_PORTE_2024",0.903729665529378
"LIBERATO SALZANO_RS",2024,"PEQUENO_PORTE_2024",0.940690803804535
"MATA_RS",2024,"PEQUENO_PORTE_2024",0.963701507491401
"NOVA ESPERANCA DO SUL_RS",2024,"PEQUENO_PORTE_2024",1
"NOVO HORIZONTE DO OESTE_RO",2024,"PEQUENO_PORTE_2024",0.955320681705876
"NOVO ITACOLOMI_PR",2024,"PEQUENO_PORTE_2024",0.94448969833933
"PARISI_SP",2024,"PEQUENO_PORTE_2024",0.973854640629373
"PASSA QUATRO_MG",2024,"PEQUENO_PORTE_2024",0.906781514182551
"RAFARD_SP",2024,"PEQUENO_PORTE_2024",0.936016877511074
"SAO JOAO DA LAGOA_MG",2024,"PEQUENO_PORTE_2024",1
"SAO JOSE DO CALCADO_ES",2024,"PEQUENO_PORTE_2024",0.981588716887417
"SAO JOSE DO SERIDO_RN",2024,"PEQUENO_PORTE_2024",0.943063322375691
"TAIO_SC",2024,"PEQUENO_PORTE_2024",1
"VERA_MT",2024,"PEQUENO_PORTE_2024",0.943216005311659
